order,wll
118,5182.11
118,5182.32
118,5186.02
118,5190.65
118,5192.96
118,5193.45
118,5206.61
118,5209.24
117,5216.63
117,5218.39
117,5220.0
117,5227.94
117,5233.63
117,5234.26
117,5235.62
117,5240.82
117,5241.47
117,5243.24
117,5249.49
117,5252.2
117,5252.68
117,5255.33
117,5256.73
116,5252.68
116,5255.33
116,5256.73
116,5257.15
116,5261.37
116,5265.33
116,5270.02
116,5272.1
116,5273.47
116,5274.71
116,5276.66
116,5277.39
116,5281.85
116,5285.05
116,5288.4
116,5295.5
116,5298.92
116,5300.92
116,5302.04
115,5295.5
115,5298.92
115,5300.92
115,5302.04
115,5308.06
115,5310.02
115,5311.52
115,5316.76
115,5326.99
115,5333.06
115,5334.58
115,5338.03
115,5339.74
115,5342.99
115,5348.13
115,5355.85
114,5338.03
114,5348.13
114,5355.85
114,5357.07
114,5358.06
114,5359.81
114,5366.2
114,5377.0
114,5377.26
114,5384.43
114,5392.59
114,5395.64
114,5397.04
114,5401.03
114,5403.39
113,5384.43
113,5395.64
113,5397.04
113,5400.34
113,5401.03
113,5407.89
113,5408.37
113,5411.74
113,5416.26
113,5423.5
113,5428.19
113,5430.56
113,5431.75
113,5432.86
113,5440.6
113,5445.44
113,5447.38
113,5453.91
112,5431.75
112,5432.86
112,5440.14
112,5440.6
112,5445.82
112,5447.38
112,5453.91
112,5460.38
112,5460.77
112,5461.09
112,5465.74
112,5478.29
112,5478.71
112,5479.37
112,5481.94
112,5482.73
112,5490.41
112,5494.48
112,5496.83
112,5497.95
112,5499.27
112,5502.21
112,5503.34
112,5503.71
111,5477.23
111,5478.29
111,5481.94
111,5482.73
111,5490.41
111,5494.48
111,5496.12
111,5496.83
111,5497.95
111,5499.27
111,5502.21
111,5503.34
111,5503.71
111,5505.66
111,5511.95
111,5520.68
111,5521.34
111,5522.56
111,5526.97
111,5529.35
111,5529.52
111,5532.23
111,5534.63
111,5536.26
111,5546.08
111,5554.26
110,5529.52
110,5532.23
110,5536.26
110,5554.26
110,5559.42
110,5565.72
110,5570.03
110,5574.62
110,5575.14
110,5582.35
110,5583.59
110,5586.17
110,5592.66
110,5593.27
110,5597.84
109,5572.21
109,5574.62
109,5575.14
109,5582.77
109,5583.59
109,5586.17
109,5592.66
109,5593.27
109,5596.7
109,5597.84
109,5604.61
109,5610.41
109,5610.85
109,5612.45
109,5616.3
109,5620.06
109,5622.34
109,5623.08
109,5624.11
109,5629.36
109,5633.76
109,5634.02
109,5638.34
109,5647.51
109,5656.37
109,5657.18
108,5622.34
108,5623.08
108,5624.11
108,5626.56
108,5629.36
108,5638.34
108,5644.16
108,5647.51
108,5656.37
108,5656.97
108,5657.18
108,5659.83
108,5660.64
108,5661.28
108,5667.36
108,5671.01
108,5674.61
108,5675.83
108,5679.63
108,5681.95
108,5684.02
108,5686.79
108,5688.04
108,5692.92
108,5696.42
108,5701.46
108,5704.43
108,5706.91
108,5708.27
108,5708.88
107,5675.83
107,5681.95
107,5684.02
107,5686.79
107,5688.04
107,5693.75
107,5696.42
107,5701.46
107,5706.91
107,5707.24
107,5708.88
107,5715.8
107,5717.28
107,5718.87
107,5723.16
107,5723.83
107,5726.68
107,5727.9
107,5730.52
107,5731.61
107,5732.49
107,5733.07
107,5733.46
107,5733.91
107,5734.32
107,5735.95
107,5737.98
107,5738.86
107,5741.31
107,5752.15
107,5753.33
107,5756.76
107,5757.2
107,5758.91
107,5759.74
107,5759.95
106,5730.52
106,5733.46
106,5734.32
106,5735.95
106,5738.86
106,5741.31
106,5742.91
106,5752.15
106,5753.33
106,5756.76
106,5757.2
106,5758.91
106,5759.74
106,5759.95
106,5769.05
106,5779.16
106,5782.19
106,5783.55
106,5788.85
106,5789.2
106,5793.62
106,5795.39
106,5798.13
106,5802.2
106,5802.39
106,5803.1
106,5803.71
106,5806.8
106,5811.18
106,5815.43
106,5816.03
105,5782.19
105,5784.41
105,5789.2
105,5793.62
105,5795.39
105,5802.39
105,5803.1
105,5806.8
105,5811.18
105,5815.43
105,5816.03
105,5819.52
105,5822.64
105,5823.49
105,5835.24
105,5836.79
105,5842.11
105,5846.87
105,5847.83
105,5858.07
105,5861.31
105,5863.63
105,5865.03
105,5867.89
104,5835.24
104,5837.64
104,5846.87
104,5847.83
104,5861.31
104,5863.63
104,5876.39
104,5886.03
104,5892.17
104,5892.42
104,5892.99
104,5894.25
104,5896.95
104,5899.02
104,5900.41
104,5901.24
104,5912.0
104,5913.19
104,5916.25
104,5921.31
104,5925.37
104,5927.1
103,5892.99
103,5894.25
103,5900.41
103,5901.24
103,5906.76
103,5906.97
103,5909.39
103,5913.19
103,5921.31
103,5924.54
103,5927.1
103,5930.96
103,5935.46
103,5937.15
103,5944.42
103,5949.32
103,5950.21
103,5951.31
103,5955.3
103,5956.02
103,5956.55
103,5958.51
103,5970.43
103,5970.71
103,5977.98
103,5980.35
103,5981.82
103,5984.22
103,5984.53
102,5949.32
102,5950.21
102,5951.31
102,5956.02
102,5956.55
102,5970.71
102,5977.98
102,5980.35
102,5985.42
102,5987.23
102,5987.76
102,5994.64
102,5995.41
102,5998.41
102,5999.62
102,6001.07
102,6006.48
102,6006.9
102,6008.02
102,6012.53
102,6018.41
102,6019.05
102,6020.86
102,6023.04
102,6029.24
102,6029.79
102,6030.3
102,6032.87
102,6036.26
102,6037.22
102,6041.29
101,6012.53
101,6018.41
101,6020.86
101,6029.24
101,6029.79
101,6030.3
101,6041.29
101,6048.44
101,6050.02
101,6052.16
101,6052.35
101,6053.02
101,6053.42
101,6058.49
101,6058.76
101,6061.86
101,6062.17
101,6078.97
101,6086.22
101,6087.44
101,6089.23
101,6089.8
101,6092.97
101,6101.41
101,6101.59
101,6102.84
101,6103.17
101,6103.47
100,6078.97
100,6087.44
100,6092.97
100,6101.59
100,6102.84
100,6106.67
100,6109.43
100,6115.32
100,6115.97
100,6122.34
100,6123.13
100,6126.72
100,6131.9
100,6134.32
100,6142.08
100,6153.97
100,6155.38
100,6156.08
100,6166.22
99,6131.42
99,6131.9
99,6134.32
99,6140.25
99,6142.08
99,6153.97
99,6167.53
99,6169.31
99,6170.67
99,6171.2
99,6171.71
99,6173.57
99,6174.61
99,6177.1
99,6178.18
99,6196.34
99,6198.24
99,6199.7
99,6200.12
99,6222.01
99,6223.3
99,6223.87
98,6196.34
98,6200.12
98,6205.09
98,6212.93
98,6221.41
98,6222.01
98,6223.3
98,6223.87
98,6225.03
98,6229.7
98,6232.94
98,6233.37
98,6236.03
98,6248.26
98,6253.53
97,6253.53
97,6295.07
97,6300.28
96,6361.05
96,6371.61
96,6374.21
96,6391.56
96,6413.37
95,6391.56
95,6394.53
95,6397.19
95,6429.28
95,6430.47
95,6432.72
95,6444.34
95,6447.59
95,6466.77
95,6483.04
95,6483.52
95,6484.3
95,6488.44
95,6488.83
94,6463.44
94,6468.83
94,6479.77
94,6483.52
94,6498.6
94,6505.42
94,6519.47
94,6522.79
94,6523.79
94,6526.25
94,6527.88
94,6528.84
94,6545.94
94,6546.3
94,6547.9
94,6553.63
94,6554.57
94,6555.06
94,6556.82
94,6557.71
94,6558.68
93,6520.75
93,6522.79
93,6523.79
93,6526.25
93,6527.88
93,6528.84
93,6537.07
93,6544.79
93,6547.54
93,6553.63
93,6553.88
93,6554.57
93,6556.82
93,6557.71
93,6565.98
93,6568.03
93,6574.84
93,6576.56
93,6584.05
93,6584.6
93,6587.03
93,6603.21
93,6605.82
93,6609.79
93,6611.07
93,6618.31
93,6618.58
93,6620.88
93,6621.09
93,6622.36
93,6622.91
93,6627.13
93,6627.85
92,6590.73
92,6609.79
92,6618.58
92,6620.88
92,6621.09
92,6623.61
92,6627.85
92,6630.88
92,6635.25
92,6651.38
92,6658.48
92,6658.66
92,6659.54
92,6663.04
92,6674.51
92,6685.23
92,6689.39
92,6693.05
92,6693.87
92,6699.56
91,6664.38
91,6674.51
91,6685.23
91,6689.39
91,6693.05
91,6693.87
91,6703.37
91,6727.79
91,6728.65
91,6730.03
91,6734.01
91,6738.66
91,6742.54
91,6743.23
91,6744.98
91,6756.79
91,6763.24
91,6769.13
91,6770.51
91,6770.93
91,6775.11
91,6775.8
90,6738.66
90,6742.54
90,6743.23
90,6744.98
90,6750.15
90,6756.79
90,6763.24
90,6770.51
90,6775.11
90,6782.5
90,6784.73
90,6790.64
90,6792.18
90,6801.3
90,6806.82
90,6807.09
90,6813.74
90,6814.87
90,6818.01
90,6820.18
90,6821.18
90,6822.01
90,6822.65
90,6825.82
90,6826.35
90,6826.89
90,6831.22
90,6834.61
90,6835.28
90,6839.76
90,6843.95
90,6848.12
89,6813.74
89,6814.87
89,6820.18
89,6821.18
89,6825.82
89,6826.35
89,6831.22
89,6832.74
89,6834.61
89,6835.28
89,6843.95
89,6844.63
89,6844.91
89,6848.12
89,6859.11
89,6861.45
89,6864.76
89,6880.38
89,6887.41
89,6888.25
89,6890.84
89,6892.85
89,6893.27
89,6896.15
89,6896.75
89,6898.02
89,6900.72
89,6903.1
89,6904.42
89,6918.96
89,6919.79
89,6924.62
88,6895.04
88,6896.15
88,6896.75
88,6898.02
88,6898.96
88,6900.72
88,6903.1
88,6904.42
88,6905.66
88,6917.18
88,6918.96
88,6921.56
88,6924.32
88,6924.62
88,6935.19
88,6941.25
88,6948.32
88,6967.56
88,6969.15
88,6970.75
88,6975.22
87,6970.75
87,6975.22
87,6981.07
87,6983.97
87,6985.41
87,7016.03
87,7018.97
87,7019.19
87,7021.93
87,7049.67
87,7051.15
87,7052.18
87,7084.05
86,7049.67
86,7051.15
86,7080.66
86,7084.05
86,7090.6
86,7093.28
86,7104.95
86,7105.56
86,7109.25
86,7111.1
86,7123.61
86,7125.19
86,7127.46
86,7127.63
86,7128.24
86,7129.93
86,7132.03
86,7132.63
86,7133.25
86,7136.15
86,7136.66
86,7144.19
86,7145.19
86,7149.86
86,7154.3
86,7164.85
86,7166.87
86,7170.22
85,7136.66
85,7144.19
85,7149.86
85,7166.87
85,7170.22
85,7172.77
85,7180.86
85,7181.25
85,7181.49
85,7190.56
85,7191.58
85,7196.01
85,7198.62
85,7207.4
85,7209.46
85,7212.27
85,7212.54
85,7213.99
85,7221.06
85,7228.3
85,7229.86
85,7232.86
84,7221.87
84,7224.01
84,7229.86
84,7232.86
84,7255.75
84,7264.29
84,7265.28
84,7266.94
84,7275.73
84,7279.3
84,7281.95
84,7294.71
84,7296.05
84,7300.83
84,7303.67
84,7311.49
84,7315.37
84,7322.8
84,7326.0
84,7326.36
84,7328.1
84,7334.04
84,7335.8
84,7337.95
84,7339.59
83,7303.67
83,7311.49
83,7315.37
83,7318.09
83,7324.02
83,7326.0
83,7326.36
83,7327.14
83,7328.1
83,7339.59
83,7343.6
83,7343.83
83,7344.43
83,7346.62
83,7358.84
83,7363.71
83,7364.08
83,7365.05
83,7373.98
83,7379.4
83,7389.5
83,7390.38
83,7394.16
83,7396.53
83,7397.28
83,7399.02
83,7404.71
83,7405.81
83,7407.4
83,7410.89
83,7412.32
83,7413.33
83,7417.41
83,7421.52
83,7426.5
83,7427.55
82,7394.16
82,7396.53
82,7399.02
82,7406.38
82,7406.71
82,7407.4
82,7412.32
82,7413.33
82,7414.56
82,7418.1
82,7421.52
82,7422.9
82,7426.08
82,7426.5
82,7428.7
82,7429.68
82,7444.96
82,7449.94
82,7454.35
82,7458.3
82,7459.97
82,7462.19
82,7464.08
82,7482.59
82,7489.43
82,7495.61
82,7496.46
82,7498.84
82,7504.03
82,7512.79
82,7514.63
82,7515.4
82,7519.47
81,7498.84
81,7499.38
81,7504.03
81,7512.79
81,7519.47
81,7521.95
81,7523.7
81,7547.51
81,7551.27
81,7561.83
81,7562.68
81,7568.13
81,7572.35
81,7572.85
81,7575.13
81,7576.86
81,7584.17
81,7588.52
81,7590.08
81,7590.61
81,7592.62
81,7594.76
81,7597.15
81,7599.97
81,7602.38
81,7603.25
81,7603.63
81,7606.61
81,7607.93
81,7608.26
81,7611.27
80,7577.96
80,7582.06
80,7584.17
80,7590.61
80,7592.62
80,7594.76
80,7602.38
80,7606.61
80,7607.93
80,7608.26
80,7608.9
80,7611.27
80,7617.13
80,7617.94
80,7622.91
80,7623.74
80,7624.06
80,7628.48
80,7628.99
80,7635.06
80,7638.41
80,7643.51
80,7643.76
80,7644.56
80,7645.71
80,7646.45
80,7651.0
80,7653.14
80,7654.33
80,7654.6
80,7660.83
80,7682.11
80,7683.57
80,7694.03
80,7697.8
80,7699.12
80,7699.79
79,7672.98
79,7682.11
79,7694.03
79,7697.8
79,7699.12
79,7709.54
79,7710.02
79,7727.11
79,7728.43
79,7736.21
79,7749.44
79,7750.32
79,7754.61
79,7756.32
79,7757.2
79,7762.02
79,7762.71
79,7764.79
79,7781.46
79,7782.48
79,7784.44
79,7784.7
79,7799.62
79,7801.27
78,7779.18
78,7781.46
78,7784.44
78,7784.7
78,7791.35
78,7799.38
78,7799.62
78,7807.38
78,7808.91
78,7810.36
78,7815.7
78,7816.61
78,7817.59
78,7818.11
78,7818.48
78,7826.07
78,7831.99
78,7832.37
78,7834.19
78,7834.94
78,7836.62
78,7837.26
78,7837.9
78,7838.78
78,7846.88
78,7847.35
78,7847.9
78,7851.08
78,7856.88
78,7858.82
78,7859.47
78,7864.43
78,7869.73
78,7877.56
78,7889.78
78,7890.77
78,7894.28
78,7900.62
78,7902.61
77,7877.56
77,7890.77
77,7894.28
77,7894.67
77,7900.62
77,7902.61
77,7906.47
77,7907.7
77,7909.28
77,7910.16
77,7911.85
77,7913.39
77,7926.14
77,7931.09
77,7933.91
77,7936.57
77,7948.44
77,7951.87
77,7956.15
77,7958.14
77,7958.93
77,7959.26
77,7962.17
77,7964.37
77,7964.62
77,7966.15
77,7966.76
77,7969.01
77,7976.12
77,7977.29
77,7979.09
77,7979.38
77,7979.82
77,7981.28
77,7989.75
77,7991.39
77,7992.83
77,7993.51
77,7994.4
77,7997.72
77,8000.81
77,8003.76
77,8005.26
76,7977.29
76,7981.28
76,7989.75
76,7991.39
76,7993.51
76,7997.72
76,8000.81
76,8003.76
76,8005.26
76,8014.1
76,8015.17
76,8021.61
76,8022.72
76,8033.03
76,8033.84
76,8040.15
76,8041.21
76,8047.87
76,8051.36
76,8067.7
76,8068.08
76,8072.57
76,8079.54
76,8081.77
76,8082.84
76,8097.71
76,8099.86
76,8100.75
76,8101.31
76,8101.95
76,8104.11
76,8107.23
76,8109.69
75,8082.84
75,8100.75
75,8101.31
75,8101.95
75,8104.11
75,8107.23
75,8109.69
75,8124.68
75,8128.48
75,8128.84
75,8134.03
75,8142.12
75,8154.54
75,8155.98
75,8160.71
75,8161.23
75,8163.2
75,8163.44
75,8167.17
75,8168.18
75,8170.02
75,8174.52
75,8175.79
75,8178.11
75,8185.93
75,8188.56
75,8189.06
75,8195.12
75,8201.97
75,8202.48
75,8203.25
75,8205.32
75,8207.62
75,8209.78
75,8213.57
75,8215.86
75,8217.42
75,8221.71
74,8195.12
74,8201.97
74,8203.25
74,8207.62
74,8212.43
74,8213.57
74,8217.42
74,8231.3
74,8233.1
74,8234.65
74,8235.6
74,8239.38
74,8240.99
74,8248.94
74,8249.66
74,8263.39
74,8270.29
74,8272.34
74,8272.92
74,8275.2
74,8281.62
74,8283.27
74,8285.66
74,8291.39
74,8291.79
74,8296.66
74,8318.69
74,8320.64
74,8321.53
74,8322.34
74,8325.32
74,8329.97
74,8332.04
73,8312.98
73,8318.69
73,8320.64
73,8322.34
73,8329.97
73,8332.04
73,8335.6
73,8335.85
73,8337.99
73,8339.79
73,8349.05
73,8352.94
73,8359.36
73,8363.3
73,8363.55
73,8366.59
73,8369.52
73,8372.82
73,8382.78
73,8384.17
73,8386.6
73,8389.87
73,8391.48
73,8394.81
73,8395.12
73,8396.56
73,8397.24
73,8399.5
73,8401.55
73,8402.48
73,8403.95
73,8408.37
73,8411.82
73,8424.17
73,8426.11
73,8429.06
73,8432.98
73,8436.31
73,8441.43
73,8443.52
73,8445.52
72,8424.17
72,8426.11
72,8436.31
72,8441.43
72,8445.52
72,8455.64
72,8459.72
72,8473.64
72,8474.84
72,8485.42
72,8488.26
72,8493.97
72,8506.89
72,8510.85
72,8515.6
72,8516.22
72,8522.18
72,8523.24
72,8523.58
72,8528.7
72,8533.45
72,8536.92
72,8541.14
72,8542.53
72,8544.68
72,8548.94
72,8552.84
72,8553.66
72,8556.36
72,8558.04
72,8559.68
72,8561.55
71,8542.53
71,8544.68
71,8548.94
71,8549.86
71,8551.01
71,8558.04
71,8559.68
71,8561.55
71,8565.14
71,8569.3
71,8570.07
71,8572.87
71,8578.98
71,8581.41
71,8586.7
71,8586.96
71,8591.8
71,8596.44
71,8598.86
71,8599.98
71,8602.32
71,8602.99
71,8607.34
71,8612.03
71,8615.14
71,8617.96
71,8620.83
71,8624.36
71,8628.34
71,8643.5
71,8644.22
71,8647.05
71,8648.29
71,8655.18
71,8661.94
71,8665.54
71,8672.76
71,8674.98
71,8676.23
71,8677.82
70,8672.76
70,8677.82
70,8686.94
70,8687.49
70,8695.78
70,8700.67
70,8701.35
70,8709.56
70,8710.04
70,8711.29
70,8714.61
70,8720.46
70,8722.87
70,8731.13
70,8737.46
70,8739.9
70,8746.24
70,8747.33
70,8750.2
70,8751.26
70,8754.21
70,8757.34
70,8768.63
70,8780.1
70,8789.12
70,8794.36
70,8796.68
70,8800.76
69,8789.12
69,8804.91
69,8811.86
69,8813.65
69,8814.44
69,8818.99
69,8823.78
69,8830.43
69,8830.93
69,8836.18
69,8849.25
69,8852.63
69,8858.94
69,8863.02
69,8865.78
69,8870.5
69,8874.63
69,8875.27
69,8887.7
69,8888.02
69,8889.71
69,8890.2
69,8890.56
69,8890.9
69,8891.71
69,8896.6
69,8904.18
69,8914.17
69,8918.12
69,8928.66
69,8929.07
69,8933.67
68,8914.17
68,8917.82
68,8927.27
68,8928.66
68,8929.07
68,8930.02
68,8937.34
68,8940.22
68,8942.23
68,8943.64
68,8944.48
68,8944.84
68,8947.65
68,8957.77
68,8967.86
68,8969.54
68,8977.39
68,8977.96
68,8984.46
68,8985.78
68,8989.37
68,8997.3
68,8998.58
68,9001.56
68,9012.11
68,9014.54
68,9018.61
68,9021.28
68,9023.5
68,9025.98
68,9027.7
68,9033.14
68,9034.42
68,9035.65
68,9038.21
68,9039.44
68,9043.26
68,9047.22
68,9048.78
68,9049.81
68,9053.04
68,9054.33
68,9055.22
68,9056.84
67,9049.81
67,9056.84
67,9065.79
67,9075.77
67,9080.97
67,9085.15
67,9088.75
67,9090.1
67,9094.54
67,9097.09
67,9100.6
67,9101.77
67,9102.52
67,9104.96
67,9108.26
67,9110.39
67,9113.04
67,9115.27
67,9120.39
67,9127.32
67,9131.23
67,9137.52
67,9138.67
67,9142.07
67,9157.13
67,9169.59
67,9178.0
67,9178.54
67,9183.6
67,9185.77
67,9189.23
67,9189.93
67,9195.81
67,9198.44
67,9199.74
66,9189.23
66,9195.81
66,9199.43
66,9199.74
66,9213.32
66,9214.43
66,9227.79
66,9232.65
66,9236.08
66,9238.5
66,9240.57
66,9243.76
66,9245.25
66,9245.59
66,9251.1
66,9261.61
66,9262.98
66,9267.02
66,9267.88
66,9270.2
66,9291.43
66,9302.07
66,9304.44
66,9305.99
66,9307.41
66,9307.79
66,9310.38
66,9324.25
66,9324.72
66,9327.51
66,9332.0
65,9332.0
65,9354.67
65,9355.92
65,9362.66
65,9363.44
65,9363.92
65,9382.98
65,9388.48
65,9389.56
65,9392.75
65,9401.83
65,9406.86
65,9419.26
65,9430.05
65,9431.38
65,9432.94
65,9438.83
65,9444.72
65,9458.44
65,9459.44
65,9474.43
65,9475.27
65,9480.03
65,9483.73
64,9474.43
64,9483.73
64,9496.4
64,9501.48
64,9502.73
64,9510.77
64,9514.29
64,9521.17
64,9532.68
64,9538.97
64,9542.59
64,9543.91
64,9546.24
64,9553.6
64,9560.56
64,9567.87
64,9568.69
64,9570.56
64,9573.17
64,9574.54
64,9580.56
64,9586.73
64,9587.24
64,9590.58
64,9594.04
64,9607.15
64,9610.88
64,9616.52
64,9619.69
64,9624.95
64,9628.05
64,9632.43
63,9628.05
63,9644.71
63,9648.01
63,9651.82
63,9663.0
63,9680.04
63,9685.21
63,9693.55
63,9694.84
63,9696.73
63,9698.7
63,9700.69
63,9707.13
63,9726.99
63,9729.99
63,9736.77
63,9742.96
63,9744.32
63,9757.37
63,9760.09
63,9762.38
63,9763.33
63,9778.08
62,9778.08
62,9793.06
62,9793.66
62,9794.41
62,9800.82
62,9809.36
62,9810.37
62,9821.69
62,9823.53
62,9827.14
62,9830.32
62,9834.61
62,9852.56
62,9860.08
62,9869.82
62,9871.07
62,9876.25
62,9881.54
62,9884.18
62,9897.99
62,9899.2
62,9908.61
62,9910.71
62,9913.97
62,9919.93
62,9921.23
62,9921.85
62,9933.45
62,9935.48
62,9943.77
61,9964.35
61,9966.84
61,9968.02
61,9987.82
61,9989.55
61,9999.76
61,10013.57
61,10036.34
61,10036.67
61,10041.57
61,10043.27
61,10072.78
61,10076.35
61,10077.95
61,10088.8
61,10098.04
61,10106.26
60,10106.26
60,10119.46
60,10125.26
60,10159.39
60,10187.1
60,10248.53
60,10249.75
60,10262.36
59,10311.18
59,10316.59
59,10351.12
59,10356.22
59,10381.12
58,10520.4
58,10557.82
117,5230.44
117,5234.67
117,5244.96
117,5249.21
116,5267.46
116,5283.46
116,5289.85
115,5313.36
115,5314.21
115,5320.49
115,5323.09
115,5329.24
115,5346.82
114,5358.68
114,5360.92
114,5363.15
114,5365.3
114,5365.54
114,5371.69
114,5375.71
114,5380.18
114,5387.31
113,5387.31
113,5407.48
113,5408.13
113,5409.84
113,5417.54
113,5420.56
113,5420.88
113,5423.85
113,5426.22
113,5427.87
113,5430.37
113,5436.98
113,5442.6
113,5445.98
112,5436.98
112,5443.5
112,5445.98
112,5456.77
112,5458.29
112,5462.81
112,5466.4
112,5476.01
112,5477.81
112,5479.02
112,5479.9
112,5491.55
111,5488.77
111,5498.67
111,5500.5
111,5501.28
111,5501.63
111,5504.7
111,5505.18
111,5507.0
111,5508.59
111,5514.92
111,5518.08
111,5519.67
111,5524.46
111,5527.31
111,5527.59
111,5527.87
111,5528.66
111,5529.84
111,5530.49
111,5533.37
111,5537.31
111,5538.06
111,5539.73
111,5547.29
111,5548.51
110,5537.31
110,5539.73
110,5545.33
110,5547.29
110,5548.51
110,5549.58
110,5551.22
110,5552.97
110,5558.65
110,5562.68
110,5566.87
110,5568.37
110,5568.88
110,5569.34
110,5571.6
110,5575.47
110,5577.23
110,5577.88
110,5579.42
110,5580.07
110,5580.42
109,5579.42
109,5580.07
109,5593.44
109,5598.68
109,5601.75
109,5602.83
109,5608.24
109,5609.72
109,5611.8
109,5620.91
109,5621.38
109,5624.53
109,5626.98
109,5628.99
109,5629.71
109,5630.31
109,5631.0
109,5632.38
109,5633.25
109,5634.32
109,5641.38
109,5643.23
109,5643.5
109,5649.94
108,5624.53
108,5629.71
108,5631.0
108,5632.38
108,5633.25
108,5648.32
108,5649.94
108,5653.57
108,5654.9
108,5655.13
108,5665.23
108,5672.83
108,5677.71
108,5679.99
108,5680.26
108,5680.88
108,5683.26
108,5683.63
108,5688.67
108,5689.92
108,5697.66
108,5699.1
108,5700.83
107,5697.66
107,5699.1
107,5702.46
107,5709.81
107,5719.19
107,5722.05
107,5722.31
107,5725.97
107,5731.81
107,5733.7
107,5736.23
107,5739.62
107,5740.19
107,5742.55
106,5748.27
106,5755.61
106,5767.96
106,5769.3
106,5769.9
106,5775.72
106,5778.89
106,5780.05
106,5780.47
106,5781.44
106,5784.61
106,5788.62
106,5791.25
106,5795.57
105,5813.71
105,5816.53
105,5817.28
105,5833.43
105,5834.93
105,5835.6
105,5838.34
105,5850.78
105,5860.68
105,5865.34
105,5869.67
105,5871.36
105,5872.56
104,5850.78
104,5860.68
104,5861.72
104,5862.07
104,5871.36
104,5872.36
104,5872.56
104,5898.85
104,5901.86
104,5903.09
104,5903.54
104,5920.89
103,5901.86
103,5936.49
103,5938.38
103,5942.31
103,5945.06
103,5949.83
103,5953.29
103,5953.68
103,5956.82
102,5990.25
102,5995.96
102,6011.81
102,6012.14
102,6020.35
102,6033.61
102,6042.25
102,6044.34
101,6020.35
101,6042.4
101,6044.34
101,6047.52
101,6049.67
101,6071.87
101,6074.39
101,6079.8
101,6089.39
100,6071.87
100,6079.8
100,6082.07
100,6095.57
100,6107.63
100,6118.36
100,6125.29
100,6126.4
100,6134.76
100,6140.48
100,6149.38
100,6149.63
100,6163.68
99,6149.63
99,6168.5
99,6174.32
99,6175.61
99,6181.12
99,6192.54
99,6193.42
99,6196.95
99,6212.22
99,6213.48
99,6216.06
99,6216.35
99,6224.18
99,6225.98
98,6213.48
98,6231.36
98,6231.8
98,6234.02
98,6241.17
98,6244.08
98,6250.2
98,6252.93
98,6255.38
98,6255.6
98,6256.84
98,6258.17
98,6258.44
98,6258.69
98,6259.61
98,6270.41
98,6272.3
98,6276.23
98,6279.92
98,6281.34
98,6284.31
98,6285.62
98,6286.32
98,6290.16
97,6255.38
97,6258.45
97,6258.7
97,6262.96
97,6265.67
97,6275.85
97,6276.23
97,6281.34
97,6284.31
97,6285.62
97,6287.73
97,6295.72
97,6296.45
97,6297.62
97,6308.71
97,6310.47
97,6314.44
97,6323.01
97,6324.12
97,6325.85
97,6326.2
97,6327.49
97,6329.14
97,6340.49
97,6344.26
97,6345.46
97,6349.81
97,6351.79
97,6355.18
97,6356.65
97,6357.28
96,6323.01
96,6329.14
96,6342.08
96,6344.26
96,6344.48
96,6345.11
96,6345.47
96,6349.62
96,6349.81
96,6351.58
96,6352.8
96,6354.56
96,6355.18
96,6356.13
96,6356.65
96,6357.29
96,6359.38
96,6360.34
96,6361.94
96,6362.49
96,6362.88
96,6363.2
96,6366.23
96,6369.42
96,6370.88
96,6373.46
96,6374.75
96,6375.91
96,6376.24
96,6376.49
96,6376.76
96,6378.26
96,6378.49
96,6382.21
96,6390.39
96,6395.37
96,6406.23
96,6418.65
96,6419.44
95,6390.39
95,6409.66
95,6424.28
95,6425.44
95,6426.05
95,6426.25
95,6426.65
95,6427.22
95,6438.02
95,6438.22
95,6442.43
95,6448.99
95,6449.54
95,6450.36
95,6454.47
95,6456.65
95,6460.74
95,6462.13
95,6478.71
95,6489.06
94,6462.13
94,6469.29
94,6476.99
94,6493.14
94,6495.05
94,6497.6
94,6497.91
94,6501.53
94,6517.22
94,6532.95
94,6536.16
94,6539.31
94,6543.65
94,6549.18
94,6553.36
94,6555.82
93,6524.97
93,6536.16
93,6549.18
93,6562.44
93,6563.06
93,6563.38
93,6564.98
93,6569.27
93,6575.64
93,6582.46
93,6583.28
93,6589.66
93,6591.88
93,6594.1
93,6594.54
93,6603.49
93,6621.43
93,6625.95
92,6615.48
92,6623.24
92,6625.95
92,6630.48
92,6635.86
92,6636.81
92,6638.17
92,6639.34
92,6644.18
92,6651.03
92,6655.2
92,6655.68
92,6657.83
92,6661.59
92,6663.28
92,6666.4
92,6666.87
92,6675.24
92,6687.78
92,6690.25
92,6696.08
91,6687.78
91,6690.25
91,6698.85
91,6703.72
91,6708.96
91,6711.66
91,6712.43
91,6712.98
91,6723.42
91,6723.96
91,6726.11
91,6735.0
91,6740.26
91,6744.34
91,6748.22
91,6772.54
91,6772.87
90,6735.01
90,6772.54
90,6772.87
90,6781.31
90,6786.23
90,6787.45
90,6787.92
90,6795.64
90,6797.04
90,6798.32
90,6800.6
90,6800.86
90,6806.59
90,6816.1
90,6817.8
90,6849.27
89,6849.27
89,6856.08
89,6859.69
89,6861.73
89,6864.42
89,6867.3
89,6868.97
89,6874.45
89,6876.89
89,6877.18
89,6890.11
89,6895.92
89,6896.47
89,6902.11
89,6916.81
89,6918.38
89,6925.64
89,6927.18
89,6927.83
88,6902.11
88,6922.47
88,6925.64
88,6927.18
88,6936.96
88,6947.12
88,6947.35
88,6960.02
88,6960.4
88,6968.82
87,6968.82
87,6989.65
87,6991.08
87,7009.27
87,7015.69
87,7019.47
87,7021.53
87,7028.93
87,7029.36
87,7030.5
87,7032.64
87,7045.71
87,7057.2
87,7057.89
87,7077.35
86,7057.2
86,7063.66
86,7086.65
86,7096.85
86,7100.05
86,7101.33
86,7105.93
86,7110.06
86,7121.91
86,7122.11
86,7122.65
86,7134.98
86,7142.17
86,7151.18
86,7152.07
86,7155.97
86,7158.68
86,7160.03
86,7168.83
85,7142.17
85,7158.68
85,7171.26
85,7174.08
85,7177.93
85,7179.17
85,7185.45
85,7191.8
85,7197.93
85,7216.25
85,7219.51
85,7220.01
85,7220.25
85,7222.28
85,7222.54
85,7227.17
85,7233.33
85,7238.99
85,7251.4
85,7252.6
84,7216.25
84,7219.51
84,7222.28
84,7226.9
84,7238.99
84,7251.4
84,7252.6
84,7253.93
84,7268.86
84,7284.46
84,7286.45
84,7288.92
84,7293.41
84,7300.36
84,7301.85
84,7311.09
84,7314.29
84,7316.56
84,7324.79
84,7325.19
83,7311.09
83,7324.79
83,7325.2
83,7333.27
83,7341.09
83,7346.83
83,7348.15
83,7353.65
83,7355.62
83,7359.41
83,7359.68
83,7367.26
83,7367.66
83,7368.63
83,7372.56
83,7372.94
83,7375.0
83,7391.96
83,7393.02
83,7393.26
83,7394.69
83,7402.13
83,7410.4
82,7408.48
82,7436.45
82,7446.53
82,7454.71
82,7459.31
82,7459.54
82,7470.45
82,7471.64
82,7477.67
82,7487.33
82,7489.65
82,7495.05
82,7509.4
81,7487.33
81,7509.4
81,7550.01
81,7556.06
81,7557.3
81,7558.86
81,7559.24
81,7563.33
81,7566.99
81,7570.39
81,7576.58
81,7578.68
81,7586.34
81,7589.24
81,7589.65
80,7585.86
80,7615.29
80,7626.02
80,7645.38
80,7655.74
80,7657.26
80,7662.95
80,7665.83
80,7666.16
80,7666.7
80,7667.01
80,7668.08
80,7671.81
80,7678.93
80,7680.28
80,7684.41
80,7689.14
80,7694.45
80,7701.09
80,7703.81
79,7675.92
79,7714.43
79,7732.79
79,7738.4
79,7745.48
79,7748.18
79,7748.65
79,7752.75
79,7758.73
79,7766.54
79,7767.29
79,7768.11
79,7774.09
79,7793.2
79,7800.36
78,7774.09
78,7793.2
78,7797.37
78,7800.36
78,7808.68
78,7814.84
78,7824.04
78,7828.26
78,7830.06
78,7830.53
78,7831.42
78,7833.86
78,7839.87
78,7850.43
78,7854.98
78,7861.26
78,7865.68
78,7880.4
78,7888.02
78,7899.96
77,7896.59
77,7912.26
77,7917.37
77,7920.28
77,7924.31
77,7924.81
77,7930.06
77,7930.45
77,7935.95
77,7937.17
77,7953.03
77,7954.68
77,7960.95
77,7963.24
77,7967.9
77,7974.99
77,7982.04
77,7983.92
77,7990.57
77,8002.99
76,7978.55
76,8002.99
76,8025.08
76,8037.92
76,8038.48
76,8039.55
76,8049.6
76,8053.04
76,8058.39
76,8058.82
76,8059.21
76,8065.02
76,8069.04
76,8087.06
76,8089.01
76,8097.52
76,8111.84
75,8111.84
75,8125.99
75,8148.39
75,8158.2
75,8158.55
75,8159.27
75,8164.59
75,8175.27
75,8178.45
75,8185.51
75,8187.81
75,8189.73
75,8211.36
75,8214.51
74,8214.51
74,8229.61
74,8230.24
74,8234.21
74,8254.38
74,8259.25
74,8274.59
74,8293.55
74,8314.82
74,8323.71
74,8331.06
73,8393.24
69,8820.92
69,8905.3
68,8995.72
66,9272.78
66,9292.53
113,5403.39
111,5513.03
110,5565.34
110,5572.21
110,5582.77
110,5583.15
109,5614.82
109,5618.13
109,5641.87
108,5659.08
108,5696.76
107,5692.92
107,5696.76
107,5704.43
107,5708.27
107,5716.81
107,5718.46
107,5742.91
106,5766.98
106,5772.66
106,5793.35
106,5800.14
105,5798.13
105,5800.14
105,5822.23
105,5837.64
104,5858.07
104,5865.03
104,5906.76
103,5939.02
103,5941.64
103,5973.16
102,5958.51
102,5970.43
102,5973.16
102,5984.53
102,6005.24
102,6005.4
102,6026.39
101,6032.87
101,6036.26
101,6046.69
100,6101.41
100,6103.17
100,6103.47
100,6112.38
100,6129.47
99,6155.38
99,6166.22
99,6184.83
99,6186.0
99,6203.69
99,6205.09
99,6217.09
98,6203.69
98,6217.09
98,6229.08
98,6239.92
96,6394.53
96,6411.63
95,6411.63
95,6463.44
95,6463.72
94,6450.94
94,6463.72
94,6466.77
94,6488.44
94,6488.83
94,6520.75
94,6537.07
94,6544.79
94,6547.54
93,6546.3
93,6580.61
93,6609.15
93,6623.61
92,6622.36
92,6627.13
92,6632.01
92,6649.63
91,6699.56
91,6729.83
91,6740.03
91,6750.15
91,6753.5
90,6753.5
90,6778.76
89,6822.65
89,6851.4
89,6866.46
89,6875.32
89,6878.64
89,6898.96
89,6905.66
89,6917.18
89,6921.56
88,6919.79
88,6944.35
88,6957.85
87,7006.83
87,7010.35
87,7017.63
87,7055.86
87,7076.73
87,7080.66
85,7132.03
85,7193.04
85,7200.03
84,7306.68
83,7351.14
82,7432.32
82,7445.84
82,7454.04
81,7526.54
80,7630.15
80,7672.98
79,7720.92
79,7763.99
78,7873.16
77,7873.16
77,7920.99
76,8037.01
76,8048.99
76,8076.26
74,8241.89
74,8280.13
73,8381.55
73,8389.51
72,8498.43
72,8503.94
71,8541.14
71,8567.5
70,8794.76
69,8794.76
69,8855.71
69,8931.83
69,8932.1
68,9029.35
67,9055.22
67,9082.58
67,9116.05
67,9151.01
66,9222.51
66,9260.24
66,9269.05
66,9322.01
65,9440.79
64,9588.47
64,9597.7
64,9601.97
63,9655.9
63,9700.06
63,9715.78
63,9749.68
108,5664.65
106,5749.7
105,5853.63
104,5853.63
104,5855.53
104,5865.34
104,5869.67
103,5903.54
102,5976.42
102,6001.84
102,6010.52
101,6068.9
101,6076.55
101,6082.07
100,6144.03
99,6144.03
99,6151.78
99,6163.68
99,6183.1
99,6218.58
98,6265.67
98,6281.92
97,6270.41
97,6272.3
97,6281.35
97,6281.92
97,6286.32
97,6300.99
97,6320.36
97,6321.23
97,6324.11
97,6325.46
97,6329.72
97,6334.01
96,6365.91
96,6380.12
96,6385.34
96,6388.6
95,6406.23
95,6419.44
95,6443.13
95,6469.29
93,6568.63
92,6624.67
91,6719.82
91,6722.61
89,6881.0
88,6927.83
88,6929.52
88,6934.36
88,6959.75
87,7025.51
87,7028.24
87,7056.42
87,7075.54
86,7110.05
86,7113.42
86,7115.09
84,7220.01
82,7440.26
79,7701.08
73,8393.23
118,5188.78
118,5195.9
118,5197.26
118,5200.25
118,5200.61
117,5212.68
117,5220.56
117,5240.27
117,5241.01
117,5241.66
117,5249.12
117,5259.82
116,5259.82
116,5261.57
116,5268.18
116,5274.39
116,5282.54
116,5295.87
116,5297.75
116,5299.22
115,5297.75
115,5302.0
115,5313.48
115,5314.01
115,5318.97
115,5326.91
115,5328.46
115,5345.07
115,5349.46
114,5349.46
114,5352.61
114,5362.65
114,5364.07
114,5370.77
114,5370.94
114,5372.2
114,5374.2
114,5376.32
114,5377.63
114,5380.33
114,5380.61
114,5384.42
114,5388.11
114,5396.26
114,5400.2
114,5400.68
113,5388.11
113,5394.07
113,5395.47
113,5396.26
113,5400.2
113,5409.16
113,5412.27
113,5418.99
113,5420.64
113,5425.52
113,5427.19
113,5432.62
113,5435.66
113,5437.4
113,5453.73
112,5432.62
112,5435.66
112,5442.11
112,5444.63
112,5453.73
112,5458.81
112,5460.48
112,5472.28
112,5476.39
112,5480.6
112,5494.17
112,5494.73
112,5500.78
112,5505.83
111,5494.17
111,5494.73
111,5500.78
111,5502.81
111,5505.83
111,5510.09
111,5520.52
111,5523.29
111,5526.12
111,5528.83
111,5529.76
111,5539.09
111,5540.8
111,5541.45
111,5544.43
111,5549.72
110,5540.8
110,5541.45
110,5542.69
110,5543.12
110,5544.43
110,5547.66
110,5549.72
110,5552.91
110,5557.07
110,5558.59
110,5559.89
110,5561.44
110,5565.75
110,5572.74
110,5574.9
110,5577.75
110,5580.91
110,5581.63
110,5582.3
110,5588.58
110,5596.62
110,5603.16
109,5574.01
109,5574.9
109,5577.75
109,5580.91
109,5588.58
109,5595.16
109,5596.62
109,5601.21
109,5603.16
109,5606.07
109,5607.94
109,5611.13
109,5611.79
109,5616.88
109,5631.86
109,5634.86
109,5641.31
109,5647.09
109,5647.24
109,5650.56
108,5634.86
108,5641.31
108,5647.24
108,5648.02
108,5650.56
108,5666.19
108,5667.2
108,5668.7
108,5678.63
108,5686.77
108,5699.87
108,5708.69
107,5678.63
107,5686.77
107,5702.04
107,5702.5
107,5704.23
107,5707.22
107,5708.69
107,5713.58
107,5717.11
107,5721.21
107,5721.77
107,5723.01
107,5725.83
107,5726.05
107,5726.98
107,5731.57
107,5737.62
107,5743.42
107,5750.98
107,5754.62
106,5726.98
106,5737.62
106,5743.42
106,5750.98
106,5754.62
106,5765.13
106,5769.38
106,5769.78
106,5773.36
106,5777.77
106,5779.0
106,5797.68
106,5802.44
105,5791.25
105,5794.04
105,5802.44
105,5807.31
105,5814.58
105,5817.03
105,5833.99
105,5845.43
105,5871.48
104,5871.48
104,5872.18
104,5872.81
104,5875.67
104,5876.61
104,5893.08
104,5896.92
104,5901.48
104,5907.21
104,5916.02
104,5918.37
104,5927.05
104,5927.87
103,5887.33
103,5893.08
103,5907.21
103,5927.05
103,5927.87
103,5931.58
103,5938.03
103,5950.45
103,5962.43
103,5971.39
103,5975.32
102,5971.39
102,5975.32
102,5987.92
102,5990.7
102,5992.67
102,5995.15
102,5995.79
102,5998.29
102,6006.83
102,6008.74
102,6011.82
102,6013.2
102,6022.7
102,6024.89
102,6034.54
102,6035.08
101,6008.74
101,6011.82
101,6022.7
101,6034.54
101,6040.35
101,6044.26
101,6050.73
101,6054.12
101,6055.06
101,6067.46
101,6080.1
101,6088.95
101,6089.72
101,6103.41
100,6070.7
100,6078.79
100,6079.56
100,6080.91
100,6087.06
100,6104.28
100,6109.22
100,6114.53
100,6116.23
100,6121.16
100,6121.39
100,6122.25
100,6125.53
100,6126.18
100,6134.75
100,6153.7
100,6155.77
100,6166.19
99,6126.18
99,6157.28
99,6171.53
99,6180.14
99,6182.42
99,6189.84
99,6193.62
99,6199.94
99,6205.21
99,6210.4
99,6221.73
99,6226.25
98,6189.84
98,6193.62
98,6199.94
98,6205.21
98,6208.94
98,6210.4
98,6214.44
98,6223.04
98,6226.25
98,6235.92
98,6236.58
98,6244.67
98,6252.21
98,6259.15
98,6262.8
98,6263.15
98,6275.85
97,6262.8
97,6263.15
97,6292.93
97,6293.8
97,6294.63
97,6294.98
97,6302.66
97,6304.99
97,6312.56
97,6328.12
97,6329.03
97,6344.61
97,6347.88
97,6350.49
96,6328.12
96,6329.03
96,6344.61
96,6357.39
96,6357.67
96,6361.43
96,6370.9
96,6373.71
96,6376.59
96,6378.69
96,6381.44
96,6389.16
96,6390.58
96,6408.22
96,6413.67
96,6415.39
95,6389.16
95,6413.67
95,6426.59
95,6448.55
95,6457.05
95,6462.26
95,6468.5
94,6459.07
94,6489.27
94,6492.53
94,6494.99
94,6499.29
94,6503.79
94,6514.16
94,6523.85
94,6533.15
94,6547.53
94,6553.52
94,6555.97
93,6523.85
93,6533.15
93,6547.53
93,6553.52
93,6555.97
93,6579.03
93,6582.05
93,6586.43
93,6587.51
93,6595.28
93,6595.76
93,6621.77
92,6590.36
92,6593.3
92,6595.76
92,6619.99
92,6650.79
92,6656.21
92,6660.52
92,6665.54
92,6670.66
92,6675.42
92,6685.21
91,6664.11
91,6676.54
91,6685.21
91,6696.34
91,6713.1
91,6729.32
91,6729.98
91,6730.62
91,6744.75
91,6758.32
91,6758.97
91,6760.07
90,6735.61
90,6744.75
90,6758.32
90,6771.98
90,6780.18
90,6782.0
90,6782.28
90,6789.61
90,6790.71
90,6800.36
90,6800.62
90,6804.66
90,6807.63
90,6811.2
90,6817.49
90,6825.39
90,6826.56
90,6836.81
89,6825.39
89,6826.56
89,6830.92
89,6836.81
89,6856.0
89,6868.66
89,6870.35
89,6871.78
89,6872.62
89,6872.88
89,6876.65
89,6885.21
89,6888.31
89,6891.2
89,6894.15
88,6888.31
88,6947.41
88,6950.12
88,6967.86
88,7002.73
88,7004.81
87,6994.97
87,7001.2
87,7002.73
87,7004.81
87,7020.5
87,7038.22
87,7047.74
87,7055.56
87,7061.99
87,7062.6
87,7073.04
87,7074.34
87,7086.12
86,7062.6
86,7066.4
86,7074.34
86,7077.28
86,7086.12
86,7102.47
86,7104.55
86,7111.14
86,7111.82
86,7124.01
86,7127.49
86,7132.69
86,7152.26
86,7155.56
86,7156.93
85,7132.69
85,7134.58
85,7150.53
85,7152.26
85,7155.56
85,7156.93
85,7169.18
85,7190.51
85,7214.68
85,7220.04
85,7221.14
85,7222.97
85,7232.85
85,7244.09
84,7220.04
84,7221.14
84,7222.97
84,7232.85
84,7244.09
84,7257.35
84,7258.99
84,7260.18
84,7272.56
84,7286.91
84,7298.28
84,7304.18
84,7307.42
84,7313.53
84,7317.08
84,7325.23
84,7326.83
84,7330.3
83,7326.83
83,7330.3
83,7341.63
83,7343.17
83,7363.38
83,7367.46
83,7385.75
83,7386.21
83,7413.78
83,7420.59
82,7404.29
82,7413.78
82,7419.83
82,7420.59
82,7446.8
82,7449.9
82,7451.66
82,7463.93
82,7483.41
82,7495.49
82,7501.07
82,7510.55
81,7483.41
81,7485.69
81,7501.07
81,7510.55
81,7513.86
81,7525.21
81,7527.58
81,7551.39
81,7567.94
81,7569.83
81,7609.92
80,7600.3
80,7609.92
80,7618.78
80,7622.17
80,7627.8
80,7629.27
80,7634.23
80,7635.87
80,7638.28
80,7639.49
80,7640.88
80,7644.99
80,7653.11
80,7654.43
80,7655.94
80,7660.43
80,7662.13
80,7663.0
80,7668.68
80,7680.24
80,7687.42
80,7693.89
80,7695.92
80,7701.9
79,7680.24
79,7687.42
79,7701.52
79,7712.01
79,7712.39
79,7714.53
79,7716.06
79,7731.08
79,7733.87
79,7744.69
79,7780.63
79,7784.46
79,7791.08
79,7800.5
78,7774.08
78,7784.46
78,7800.5
78,7812.77
78,7815.63
78,7824.54
78,7836.61
78,7843.95
78,7844.42
78,7850.61
78,7851.79
78,7866.19
78,7868.13
78,7874.8
78,7888.45
78,7901.8
78,7902.49
77,7888.45
77,7901.8
77,7902.49
77,7923.04
77,7927.17
77,7939.92
77,7943.91
77,7956.78
77,7963.35
77,7990.17
76,7976.35
76,7990.17
76,7995.88
76,8002.25
76,8026.46
76,8027.93
76,8056.75
76,8095.85
76,8107.62
75,8087.44
75,8095.85
75,8107.62
75,8140.17
75,8161.97
75,8164.3
75,8168.69
75,8174.37
75,8189.16
75,8193.14
75,8204.4
75,8205.46
74,8216.41
74,8233.67
74,8236.61
74,8237.2
74,8254.66
74,8255.88
74,8257.01
74,8266.2
74,8277.9
74,8290.69
74,8297.83
74,8299.46
74,8306.71
74,8323.14
74,8332.74
73,8313.92
73,8323.14
73,8343.77
73,8369.69
73,8390.84
73,8401.57
73,8404.3
72,8423.54
72,8426.34
72,8428.7
72,8447.81
72,8448.83
72,8512.96
72,8514.25
72,8521.67
72,8542.14
72,8546.07
72,8557.29
72,8558.68
71,8557.29
71,8575.48
71,8595.47
71,8618.59
71,8623.69
71,8641.81
71,8667.87
70,8667.87
70,8690.23
70,8709.75
70,8711.63
70,8734.82
70,8750.43
70,8751.57
70,8760.65
70,8775.21
70,8777.98
70,8794.47
70,8807.01
69,8818.59
69,8844.5
69,8850.73
69,8861.45
69,8871.27
69,8877.67
69,8891.63
68,8930.54
68,8951.58
68,8982.17
68,8997.66
68,9000.35
68,9015.0
68,9019.07
68,9034.3
68,9050.73
68,9066.45
67,9047.84
67,9055.97
67,9065.05
67,9109.73
67,9114.03
67,9128.83
67,9131.69
67,9134.78
67,9137.2
67,9138.44
67,9143.06
67,9168.41
67,9173.34
66,9196.12
66,9218.45
66,9230.04
66,9253.12
66,9272.69
66,9292.11
66,9297.52
66,9310.45
66,9320.29
65,9343.27
65,9385.85
65,9391.51
65,9393.16
65,9416.67
65,9434.19
65,9439.4
65,9469.79
65,9473.28
64,9473.28
64,9498.1
64,9502.91
64,9508.0
64,9563.87
64,9569.9
64,9611.12
64,9623.63
64,9627.84
64,9632.21
63,9632.21
63,9635.29
63,9746.23
63,9749.13
62,9798.89
62,9815.39
62,9836.12
62,9858.44
62,9876.52
62,9912.79
62,9913.83
61,9945.79
61,9973.2
61,9977.42
61,9987.79
61,9990.37
61,10042.12
61,10091.9
60,10136.34
60,10143.21
60,10181.31
60,10221.23
60,10260.18
